{"f1_score": 0.679322033898305, "precision_score": 0.7438752783964365, "recall_score": 0.6250779787897692}