{"workclass": {"Federal-gov": {"f1_score": 0.7450980392156863, "precision_score": 0.7702702702702703, "recall_score": 0.7215189873417721}, "Local-gov": {"f1_score": 0.7250996015936255, "precision_score": 0.7109375, "recall_score": 0.7398373983739838}, "Never-worked": {"f1_score": 1.0, "precision_score": 1.0, "recall_score": 1.0}, "Private": {"f1_score": 0.6634251755807672, "precision_score": 0.7424425634824667, "recall_score": 0.599609375}, "Self-emp-inc": {"f1_score": 0.8103448275862069, "precision_score": 0.7899159663865546, "recall_score": 0.831858407079646}, "Self-emp-not-inc": {"f1_score": 0.5877862595419847, "precision_score": 0.7, "recall_score": 0.506578947368421}, "State-gov": {"f1_score": 0.7559055118110236, "precision_score": 0.7619047619047619, "recall_score": 0.75}, "Without-pay": {"f1_score": 1.0, "precision_score": 1.0, "recall_score": 1.0}}, "race": {"Amer-Indian-Eskimo": {"f1_score": 0.4, "precision_score": 1.0, "recall_score": 0.25}, "Asian-Pac-Islander": {"f1_score": 0.6857142857142857, "precision_score": 0.72, "recall_score": 0.6545454545454545}, "Black": {"f1_score": 0.6153846153846154, "precision_score": 0.7058823529411765, "recall_score": 0.5454545454545454}, "Other": {"f1_score": 0.5, "precision_score": 1.0, "recall_score": 0.3333333333333333}, "White": {"f1_score": 0.6826038984920927, "precision_score": 0.7459807073954984, "recall_score": 0.6291525423728813}}, "sex": {"Female": {"f1_score": 0.6243386243386243, "precision_score": 0.7329192546583851, "recall_score": 0.543778801843318}, "Male": {"f1_score": 0.687402799377916, "precision_score": 0.7453625632377741, "recall_score": 0.6378066378066378}}}